Country,Status,AQI Value,Code,GHG_Emissions,Forest cover,population_density
Albania,Good,9,ALB,7.6736715330197,28.791970802919707,101.14792
Andorra,Good,10,AND,,34.04255319148936,176.32765
Argentina,Good,20,ARG,365.68461861929,10.440714878192267,16.754303
Armenia,Good,22,ARM,10.836336950669,11.537407797681771,103.69912
Australia,Moderate,63,AUS,571.83984854671,17.42131455716444,3.5067463
Austria,Good,39,AUT,72.921492529812,47.25096946194862,110.44016
Azerbaijan,Good,7,AZE,62.550294041306,13.691539038494108,125.80354
Bangladesh,Moderate,54,BGD,281.38053496815,14.468771606360914,1349.6724
Belarus,Good,31,BLR,84.277601484293,43.192275481550816,44.33387
Belgium,Moderate,61,BEL,106.37018790875,22.764200792602377,388.32742
Bosnia and Herzegovina,Good,32,BIH,29.397991348246,42.7326171875,61.328945
Brazil,Unhealthy for Sensitive Groups,110,BRA,1300.1688666752,59.41747805133678,25.461687
Brunei,Good,21,,12.157942508343,72.10626185958255,
Bulgaria,Good,23,BGR,53.372279020841,35.86035372144436,61.850616
Canada,Good,22,CAN,747.67802680902,38.69551250949464,4.565713
Cape Verde,Good,48,,,11.344913151364764,
Chile,Unhealthy for Sensitive Groups,146,CHL,121.46313217391,24.49215366655369,26.710176
China,Unhealthy,167,CHN,15943.986552905,23.43132290394016,150.8377
Colombia,Moderate,52,COL,223.96663405241,53.30501126633619,48.152847
Costa Rica,Good,43,CRI,16.468143919331,59.4373286329808,100.91845
Croatia,Good,38,HRV,25.013482276387,34.265948047358194,68.76535
Cyprus,Good,49,CYP,10.324656394181,18.672077922077925,148.34512
Czech Republic,Moderate,65,,,,
Denmark,Good,18,DNK,41.831473036828,15.711000000000002,150.06165
Dominican Republic,Good,25,DOM,48.396213040658,44.38211550403643,242.37735
Ecuador,Moderate,69,ECU,73.604607615068,50.32142857142857,73.642494
Egypt,Good,21,EGY,335.96804878176,0.0451855944547692,118.906975
Estonia,Good,28,EST,14.363974872585,56.09385783298827,31.442806
Finland,Good,26,FIN,43.45353679725,73.73321926822848,18.500809
France,Moderate,62,FRA,,31.50904837304609,121.72387
French Guiana,Good,10,GUF,0.57338749677229,,3.787091
Georgia,Good,24,GEO,19.049153820466,40.61591595913081,54.779335
Germany,Unhealthy for Sensitive Groups,102,DEU,681.81032815187,32.684546469359134,240.63374
Ghana,Moderate,55,GHA,48.265926450338,35.09585127889602,154.10611
Gibraltar,Good,22,GIB,0.71237260220074,0.0,4009.6
Greece,Good,34,GRC,69.266029551595,30.2699767261443,77.10478
Guadeloupe,Good,20,GLP,1.4622285867384,44.39506172839506,230.70865
Guatemala,Good,41,GTM,43.981074467992,32.920865994774175,174.39192
Hong Kong,Good,32,HKG,40.16776057819,,7043.8325
Hungary,Good,38,HUN,60.92677185673,22.49627438088977,105.54718
Iceland,Good,36,ISL,4.171936013462,0.5122194513715711,3.9494197
India,Very Unhealthy,240,IND,4133.5543557465,24.27022827333605,492.35516
Indonesia,Unhealthy for Sensitive Groups,112,IDN,1200.1997867973,49.07178036547167,150.9711
Iran,Unhealthy,151,IRN,996.7526808229,6.601261082050149,56.96002
Ireland,Good,45,IRL,57.853266947361,11.351720133546232,77.050224
Israel,Moderate,54,ISR,,6.469500924214418,439.79358
Italy,Moderate,54,ITA,,32.52237029985721,200.00952
Japan,Unhealthy for Sensitive Groups,110,JPN,1041.0128248687,68.40877914951989,337.73233
Jersey,Good,34,JEY,,,
Jordan,Good,26,JOR,33.407709056244,1.0982203198918676,129.7457
Kazakhstan,Moderate,78,KAZ,320.34998496393,1.2796532948105344,7.7207537
Kenya,Good,26,KEN,107.97690921511,6.3448184980848295,101.086624
Kosovo,Good,25,,,,
Kyrgyzstan,Good,8,KGZ,21.698229839443,6.858081334723671,38.034332
Laos,Moderate,53,,42.056212706049,71.90424610051993,
Latvia,Good,8,LVA,10.957491923456,54.91531154403477,29.78483
Liberia,Good,16,LBR,4.5323879353986,79.08471760797342,59.501297
Liechtenstein,Good,26,LIE,,41.875,250.65625
Lithuania,Good,19,LTU,20.683656998446,35.13673153366006,45.20206
Luxembourg,Good,23,LUX,7.8609330392057,36.50205761316872,264.28452
Macao,Good,25,MAC,3.1190096511524,,21877.969
Macedonia,Good,36,,,,
Malaysia,Moderate,60,MYS,325.40584765842,58.176959366915234,109.504776
Malta,Good,43,MLT,2.0338652584277,1.4375,1704.2219
Martinique,Good,42,MTQ,1.2184203684901,49.33018867924528,321.13867
Mexico,Unhealthy for Sensitive Groups,102,MEX,712.10209803987,33.79309138609532,67.87564
Moldova,Good,2,,13.54241150505,11.751292186074796,
Monaco,Good,32,MCO,,0.0,18385.318
Mongolia,Moderate,67,MNG,83.704559899687,9.10112753502091,2.2581265
Montenegro,Good,23,MNE,,61.486988847583646,47.039406
Myanmar,Moderate,61,MMR,,43.72599151335039,84.04031
Nepal,Moderate,58,NPL,56.830982733611,41.59072200906871,206.61366
Netherlands,Good,40,NLD,150.74579824257,10.974160974160974,544.89996
New Caledonia,Good,28,NCL,6.6142165933615,45.84354485776805,16.15372
New Zealand,Moderate,68,NZL,84.209811532415,37.57012646690213,19.94549
Nigeria,Good,26,NGA,385.11288377147,23.74578653227489,260.79883
Norway,Good,35,NOR,56.717099715738,33.358625269689966,15.43642
Pakistan,Moderate,55,PAK,532.37448361892,4.833307388958074,331.07553
Palestinian Territory,Good,46,,,,
Peru,Moderate,98,PER,94.048681371836,56.5081015625,27.012989
Philippines,Good,31,PHL,256.14715481705,24.10903176040513,391.67892
Poland,Moderate,57,POL,363.79425000758,30.970965740226656,124.60265
Portugal,Good,27,PRT,53.004607295263,36.15499489114203,113.65879
Qatar,Moderate,80,QAT,154.38356524031,0.0,271.1783
Reunion,Good,19,,,,
Romania,Good,44,ROU,105.85240058122,30.115829276773297,82.182755
Russia,Moderate,57,,2672.0394366031,49.784336078872215,
San Marino,Good,43,SMR,,16.666666666666664,559.23334
Serbia,Moderate,58,SRB,,31.13023096272582,79.54561
Singapore,Good,39,SGP,74.290132466078,21.960507757404795,8176.461
Slovakia,Good,43,SVK,44.775610890682,40.056156405990016,113.86912
Slovenia,Good,39,SVN,15.993517423122,61.4670698824616,105.13389
South Africa,Unhealthy for Sensitive Groups,101,ZAF,522.11549112331,14.055090718743044,53.37384
South Korea,Moderate,79,,653.8461399874,64.47543841657266,
Spain,Moderate,57,ESP,,37.17799724090219,95.830956
Sri Lanka,Good,49,LKA,38.403849844142,34.139886578449904,375.51593
Sweden,Good,29,SWE,49.118373633418,68.69460607399769,26.165014
Switzerland,Good,36,CHE,,32.11633354868898,226.96663
Taiwan,Good,47,,308.00043191949,,
Tajikistan,Good,39,TJK,21.438119694098,3.053534116290799,77.7195
Thailand,Moderate,82,THA,440.78301465571,38.89878447415295,140.18637
Trinidad and Tobago,Good,38,TTO,34.187024015247,44.48148148148148,294.5645
Turkey,Good,12,TUR,,28.87148369995972,113.93187
Ukraine,Good,34,UKR,216.09280539526,16.727084412221647,67.277054
United Arab Emirates,Unhealthy for Sensitive Groups,139,ARE,267.82319378586,4.467755561813574,159.75734
United Kingdom of Great Britain and Northern Ireland,Moderate,57,GBR,,,287.48517
United States of America,Moderate,82,USA,,,37.96434
Uzbekistan,Good,6,UZB,214.53138443861,8.374418673269979,84.08743
Vatican,Good,34,,,0.0,
Vietnam,Good,42,,,47.22511045892863,
